-- Member 1
INSERT INTO member (id, user_id, password, username, nickname, email, role, issue_date, user_status)
VALUES (10001, 'user1', 'password1', 'John Doe', 'Johnny', 'john@example.com', 'USER', '2024-01-17', 'NORMAL');

-- Member 2
INSERT INTO member (id, user_id, password, username, nickname, email, role, issue_date, user_status)
VALUES (10002, 'user2', 'password2', 'Jane Doe', 'Janie', 'jane@example.com', 'USER', '2024-01-12', 'NORMAL');

-- Member 3
INSERT INTO member (id, user_id, password, username, nickname, email, role, issue_date, user_status)
VALUES (10003, 'user3', 'password3', 'Alice Smith', 'Alicia', 'alice@example.com', 'USER', '2024-01-10', 'NORMAL');

-- Member 4
INSERT INTO member (id, user_id, password, username, nickname, email, role, issue_date, user_status)
VALUES (10004, 'user4', 'password4', 'Bob Johnson', 'Bobby', 'bob@example.com', 'USER', '2024-01-14', 'NORMAL');

-- Member 5
INSERT INTO member (id, user_id, password, username, nickname, email, role, issue_date, user_status)
VALUES (10005, 'user5', 'password5', 'Eve Brown', 'Evie', 'eve@example.com', 'USER', '2024-01-18', 'NORMAL');

-- area-- 데이터 삽입
INSERT INTO area (area_cd, area_nm, parent_cd)
VALUES ('01', '서울', NULL),
       ('02', '경기', NULL),
       ('03', '강원', NULL),
       ('04', '충북', NULL),
       ('05', '충남', NULL),
       ('06', '전북', NULL),
       ('07', '전남', NULL),
       ('08', '경북', NULL),
       ('09', '경남', NULL),
       ('10', '부산', NULL),
       ('11', '제주', NULL),
       ('14', '대구', NULL),
       ('15', '인천', NULL),
       ('16', '광주', NULL),
       ('17', '대전', NULL),
       ('18', '울산', NULL),
       ('19', '세종', NULL);
--
INSERT INTO area (area_cd, area_nm, parent_cd)
VALUES ('0101', '종로구', '01'),
       ('0102', '중구', '01'),
       ('0103', '동대문구', '01'),
       ('0104', '성동구', '01'),
       ('0105', '성북구', '01'),
       ('0106', '도봉구', '01'),
       ('0107', '서대문구', '01'),
       ('0108', '은평구', '01'),
       ('0109', '마포구', '01'),
       ('0110', '용산구', '01'),
       ('0111', '영등포구', '01'),
       ('0112', '동작구', '01'),
       ('0113', '강남구', '01'),
       ('0114', '강동구', '01'),
       ('0115', '강서구', '01'),
       ('0116', '구로구', '01'),
       ('0117', '관악구', '01'),
       ('0118', '노원구', '01'),
       ('0119', '양천구', '01'),
       ('0120', '중랑구', '01'),
       ('0121', '서초구', '01'),
       ('0122', '송파구', '01'),
       ('0123', '광진구', '01'),
       ('0124', '강북구', '01'),
       ('0125', '금천구', '01');

INSERT INTO area (area_cd, area_nm, parent_cd)
VALUES
    ('0201', '수원시', '02'),
    ('0202', '성남시', '02'),
    ('0203', '의정부시', '02'),
    ('0204', '안양시', '02'),
    ('0205', '부천시', '02'),
    ('0206', '동두천시', '02'),
    ('0207', '광명시', '02'),
    ('0208', '이천시', '02'),
    ('0209', '평택시', '02'),
    ('0210', '구리시', '02'),
    ('0211', '과천시', '02'),
    ('0212', '안산시', '02'),
    ('0213', '오산시', '02'),
    ('0214', '의왕시', '02'),
    ('0215', '군포시', '02'),
    ('0216', '시흥시', '02'),
    ('0217', '남양주시', '02'),
    ('0218', '하남시', '02'),
    ('0219', '고양시', '02'),
    ('0220', '용인시', '02'),
    ('0221', '양주시', '02'),
    ('0222', '여주시', '02'),
    ('0224', '화성시', '02'),
    ('0226', '파주시', '02'),
    ('0228', '광주시', '02'),
    ('0229', '연천군', '02'),
    ('0230', '포천시', '02'),
    ('0231', '가평군', '02'),
    ('0232', '양평군', '02'),
    ('0235', '안성시', '02'),
    ('0236', '김포시', '02');

INSERT INTO area (area_cd, area_nm, parent_cd)
VALUES
    ('0301', '춘천시', '03'),
    ('0302', '원주시', '03'),
    ('0303', '강릉시', '03'),
    ('0304', '속초시', '03'),
    ('0305', '동해시', '03'),
    ('0306', '태백시', '03'),
    ('0307', '삼척시', '03'),
    ('0322', '홍천군', '03'),
    ('0323', '횡성군', '03'),
    ('0325', '영월군', '03'),
    ('0326', '평창군', '03'),
    ('0327', '정선군', '03'),
    ('0328', '철원군', '03'),
    ('0329', '화천군', '03'),
    ('0330', '양구군', '03'),
    ('0331', '인제군', '03'),
    ('0332', '고성군', '03'),
    ('0333', '양양군', '03');

INSERT INTO area (area_cd, area_nm, parent_cd)
VALUES
    ('0401', '청주시', '04'),
    ('0402', '충주시', '04'),
    ('0403', '제천시', '04'),
    ('0422', '보은군', '04'),
    ('0423', '옥천군', '04'),
    ('0424', '영동군', '04'),
    ('0425', '진천군', '04'),
    ('0426', '괴산군', '04'),
    ('0427', '음성군', '04'),
    ('0430', '단양군', '04'),
    ('0431', '증평군', '04');

INSERT INTO area (area_cd, area_nm, parent_cd)
VALUES
    ('0502', '천안시', '05'),
    ('0503', '공주시', '05'),
    ('0504', '아산시', '05'),
    ('0505', '보령시', '05'),
    ('0506', '서산시', '05'),
    ('0507', '논산시', '05'),
    ('0508', '계룡시', '05'),
    ('0521', '금산군', '05'),
    ('0526', '부여군', '05'),
    ('0527', '서천군', '05'),
    ('0529', '청양군', '05'),
    ('0530', '홍성군', '05'),
    ('0531', '예산군', '05'),
    ('0533', '당진시', '05'),
    ('0537', '태안군', '05');

-- Gas Station
-- GasStation 테이블에 데이터 추가
INSERT INTO gas_station (uni_id, area_cd, poll_div_cd, os_nm, van_adr, new_adr, gis_x_coor, gis_y_coor)
VALUES ('UNI_ID_1', '01', 'SKE', 'SK에너지', '서울시 강남구 강남대로 123', '강남로 123번길', 37.4979, 127.0276),
       ('UNI_ID_2', '01', 'GSC', 'GS칼텍스', '서울시 서초구 서초대로 456', '서초로 456번길', 37.4842, 127.0346),
       ('UNI_ID_3', '01', 'HDO', '현대오일뱅크', '서울시 송파구 올림픽로 789', '올림픽로 789번길', 37.5150, 127.1065),
       ('UNI_ID_4', '01', 'SOL', 'S-OIL', '서울시 마포구 양화로 321', '양화로 321번길', 37.5555, 126.9123),
       ('UNI_ID_5', '01', 'RTE', '자영알뜰', '서울시 동작구 상도로 567', '상도로 567번길', 37.5021, 126.9389),
       ('UNI_ID_6', '01', 'RTX', '고속도로 알뜰', '서울시 강서구 공항대로 987', '공항대로 987번길', 37.5598, 126.8025),
       ('UNI_ID_7', '01', 'NHO', '농협알뜰', '서울시 중랑구 망우로 432', '망우로 432번길', 37.5903, 127.0754),
       ('UNI_ID_8', '01', 'ETC', '자가상표', '서울시 강동구 천호로 654', '천호로 654번길', 37.5502, 127.1435),
       ('UNI_ID_9', '01', 'E1G', 'E1', '서울시 강북구 삼양로 789', '삼양로 789번길', 37.6487, 127.0134),
       ('UNI_ID_10', '01', 'SKG', 'SK가스2', '서울시 성북구 종암로 123', '종암로 123번길', 37.5931, 127.0354);

-- GasStationPrice 테이블에 데이터 추가
INSERT INTO gas_station_price (price_id, uni_id, prodcd, price, updated_at)
VALUES (1, 'UNI_ID_1', 'B027', 1500, '2024-01-17 12:00:00'),
       (2, 'UNI_ID_1', 'B027', 1600, '2024-01-17 13:00:00'),
       (3, 'UNI_ID_2', 'D047', 1600, '2024-01-17 12:00:00'),
       (20, 'UNI_ID_1', 'B027', 1600, '2024-01-17 13:00:00'),
       (30, 'UNI_ID_2', 'D047', 1600, '2024-01-17 12:00:00'),
       (40, 'UNI_ID_2', 'D047', 1000, '2024-01-17 13:00:00'),
       (50, 'UNI_ID_3', 'B034', 1550, '2024-01-17 12:00:00'),
       (60, 'UNI_ID_3', 'B034', 1450, '2024-01-17 13:00:00'),
       (70, 'UNI_ID_4', 'B027', 1650, '2024-01-17 12:00:00'),
       (80, 'UNI_ID_4', 'B027', 1655, '2024-01-17 12:00:00'),
       (90, 'UNI_ID_4', 'B034', 1750, '2024-01-17 13:00:00'),
       (10, 'UNI_ID_4', 'B034', 1650, '2024-01-16 12:00:00'),
       (11, 'UNI_ID_5', 'B027', 1150, '2024-01-18 12:00:00'),
       (12, 'UNI_ID_5', 'B027', 1250, '2024-01-18 13:00:00'),
       (13, 'UNI_ID_6', 'B034', 1630, '2024-01-18 12:00:00'),
       (14, 'UNI_ID_6', 'B027', 1630, '2024-01-18 12:00:00'),
       (15, 'UNI_ID_7', 'B027', 1620, '2024-01-18 12:00:00'),
       (16, 'UNI_ID_7', 'B034', 1630, '2024-01-18 12:00:00'),
       (18, 'UNI_ID_8', 'B034', 1580, '2024-01-17 12:00:00'),
       (19, 'UNI_ID_9', 'B027', 1570, '2024-01-17 12:00:00'),
       (200, 'UNI_ID_10', 'B034', 1650, '2024-01-17 12:00:00');
